{
  "description": {
    "title": "",
    "text": ""
  },
  "links_1": {
    "list_pages": false,
    "title": "",
    "list": [
      {
        "url": "/pages/sobre",
        "text": "Sobre a Customic"
      },
      {
        "text": "Condições de Entrega",
        "url": "/pages/entrega"
      },
      {
        "text": "Trocas e Devoluções",
        "url": "/pages/trocas"
      },
      {
        "text": "FAQ",
        "url": "/pages/faq"
      },
      {
        "text": "Formas de Pagamento",
        "url": "/pages/pagamento"
      },
      {
        "text": "Política de Privacidade",
        "url": "/pages/privacidade"
      },
      {
        "text": "Onde nos encontrar",
        "url": "/pages/onde-nos-encontrar"
      },
      {
        "text": "Contato",
        "url": "/pages/contato"
      }
    ]
  },
  "links_2": {
    "list_categories": true,
    "title": "",
    "list": [
      {
        "text": "Aparelhos",
        "url": "/dispositivos/"
      },
      {
        "text": "Coleções",
        "url": "/colecoes/"
      },
      {
        "text": "Películas",
        "url": "/peliculas/"
      },
      {
        "text": "Acessórios",
        "url": "/acessorios/"
      },
      {
        "text": "Personalize",
        "url": "/design_lab/application_upload.php"
      }
    ]
  },
  "contacts": {
    "title": "Contato",
    "phone_wpp": true,
    "socials": true,
    "email": true,
    "address": true
  },
  "stamps": [
    {
      "link": "https://transparencyreport.google.com/safe-browsing/search?url=customic.com.br",
      "src": "/img/uploads/google.png"
    }
  ],
  "payment_methods": {
    "bb": false,
    "visa": true,
    "boleto": true,
    "aura": false,
    "banrisul": false,
    "elo": true,
    "hipercard": true,
    "hsbc": false,
    "bradesco": false,
    "santander": false,
    "mastercard": true,
    "citibank": false,
    "diners": true,
    "mais": false,
    "amex": true,
    "itau": false
  },
  "credits": "Pulz Comércio de Importados Eireli - CNPJ: 06.051.394/0001-93 © 2021 - Todos os direitos reservados."
}