{
  "marketing_stripe": {
    "text": "",
    "link": ""
  },
  "contacts_stripe": {
    "pages": [
      {
        "title": "Atendimento",
        "link": "/pages/contato"
      }
    ],
    "phone_wpp": true,
    "socials": true
  },
  "categories_list": {
    "featured": [
      "/dispositivos?Aparelhos",
      "/colecoes?Coleções",
      "/u_10009?Películas",
      "/acessorios?Acessórios",
      "/popsockets?PopSockets"
    ],
    "random": 0,
    "full_width": false
  },
  "search_input": true
}