{
  "meta_title": "Customic: Capa para Celular e Smartphones - Customic Capas Especiais",
  "meta_description": "São mais de 10 anos inovando. Capas com Proteção Militar certificadas, Capa Biodegradável Seed® Eco Case, Capinhas personalizadas para iPhone e linha smartphone Android, películas e acessórios. Customic é a melhor capa do Brasil.",
  "sections": [
    {
      "type": "banner-slider",
      "autoplay": 6000,
      "slides": [
        {
          "start": "",
          "end": "",
          "img": "https://res.cloudinary.com/customic/image/upload/v1620068043/banners2021/ezgif.com-gif-maker_txuo62.webp",
          "mobile_img": "https://res.cloudinary.com/customic/image/upload/v1620069805/banners2021/ezgif_sirgls.webp",
          "alt": "#VivaOMovimento",
          "link": "https://customic.com.br/vivaomovimento"
        },
        {
          "start": "",
          "end": "",
          "img": "/img/uploads/banner-desk-pynw.jpg",
          "mobile_img": "/img/uploads/banner-mobile-pynw.jpg",
          "link": "https://customic.com.br/capas-antibacteria",
          "alt": "PYNW2021"
        },
        {
          "start": "",
          "end": "",
          "img": "/img/uploads/asset-1_ok.jpg",
          "link": "https://customic.com.br/impactor-flex-antibacteria-all",
          "mobile_img": "/img/uploads/asset-1_mobile.jpg"
        },
        {
          "img": "/img/uploads/banner-desk-seed.jpg",
          "mobile_img": "/img/uploads/banner-mobile-seed.jpg",
          "link": "https://customic.com.br/seed-eco-case-antibacteria",
          "alt": "SeedAntibac2021",
          "start": "",
          "end": ""
        },
        {
          "img": "/img/uploads/banner-desk-popsockets.jpg",
          "mobile_img": "/img/uploads/banner-mobile-popsockets.jpg",
          "alt": "popsocket2021",
          "start": "",
          "end": "",
          "link": "/popsockets"
        },
        {
          "start": "",
          "end": "",
          "img": "/img/uploads/banner-siteii-c-compressed3.jpg",
          "mobile_img": "/img/uploads/Banners-Mobile-II-C.png",
          "link": "/impactor-ultra-fabric-all"
        },
        {
          "start": "",
          "end": "",
          "img": "/img/uploads/banner-siteii-e-compressed5.jpg",
          "link": "/impactor-flex-all",
          "mobile_img": "/img/uploads/banners-mobile-ii-e.png"
        }
      ]
    },
    {
      "type": "banners-grid",
      "banners": [
        {
          "img": "/img/uploads/banner-produtoscapas1.png",
          "link": "/todasascasesdeiphone/",
          "alt": "Capa Iphone"
        },
        {
          "img": "/img/uploads/banner-produtos-android2.png",
          "link": "/todos-modelos-de-android/",
          "alt": "Capa Android"
        }
      ]
    },
    {
      "type": "banners-grid",
      "banners": [
        {
          "img": "/img/uploads/banner-produtos-ipad3.png",
          "link": "/ipad-e-macbook/",
          "alt": "Capa Ipad"
        },
        {
          "img": "/img/uploads/banner-produtos-peliculas4.png",
          "link": "/u_10009",
          "alt": "Película de proteção para celular"
        }
      ]
    },
    {
      "type": "info-bar",
      "enabled": true
    },
    {
      "type": "collection-shelf",
      "shuffle": true,
      "collection_id": "606c9f9333554a7d2d3cd8a3:collections:Vitrine Customic 2021:/vitrine-customic-2021",
      "headless": false,
      "title": "Capas +   ",
      "link": ""
    },
    {
      "type": "page-title",
      "title": "Veja mais em nosso instagram:"
    },
    {
      "type": "responsive-banner",
      "img": "/img/uploads/banner-instagram-v1.png",
      "link": "https://www.instagram.com/customic/"
    }
  ]
}