{
  "assetsByChunkName": {
    "vendors~app-account~app-confirmation~app-order": [
      "chunk.535e4a29f5afdb445336.js",
      "chunk.535e4a29f5afdb445336.js.map"
    ],
    "vendors~app-account~app-checkout": [
      "chunk.026ea80fd14f8c48b8a8.js",
      "chunk.026ea80fd14f8c48b8a8.js.map"
    ],
    "vendors~app-cart~app-checkout": [
      "chunk.97edd9bbcd2fbce62b11.js",
      "chunk.97edd9bbcd2fbce62b11.js.map"
    ],
    "admin": [
      "admin.415859c002cf5eb75d0a.js",
      "admin.415859c002cf5eb75d0a.js.map"
    ],
    "app-account": [
      "chunk.58c302f9ff225f465f87.js",
      "chunk.58c302f9ff225f465f87.js.map"
    ],
    "app-cart": [
      "chunk.069155aabb37a701de53.js",
      "chunk.069155aabb37a701de53.js.map"
    ],
    "app-checkout": [
      "chunk.d0b29ec552f765a3b0f1.js",
      "chunk.d0b29ec552f765a3b0f1.js.map"
    ],
    "app-confirmation": [
      "chunk.ebecc462c0e62fee9307.js",
      "chunk.ebecc462c0e62fee9307.js.map"
    ],
    "app-order": [
      "chunk.59ced342832e099ab22b.js",
      "chunk.59ced342832e099ab22b.js.map"
    ],
    "checkout": [
      "checkout.e246bce44fd367cccd6e.js",
      "checkout.e246bce44fd367cccd6e.js.map"
    ],
    "storefront": [
      "storefront.9a9d4113b4fb94d3fe96.css",
      "storefront.bc65a1db31e9fd1d29f8.js",
      "storefront.9a9d4113b4fb94d3fe96.css.map",
      "storefront.bc65a1db31e9fd1d29f8.js.map"
    ]
  }
}